"name","url","views"
"2010 Report to Congress on White House Staff","https://opendata.socrata.com/Government/2010-Report-to-Congress-on-White-House-Staff/vedg-c5sb","514,382"
"The White House - Nominations & Appointments","https://opendata.socrata.com/dataset/The-White-House-Nominations-Appointments/n5m4-mism","537,603"
"2011 Report to Congress on White House Staff","https://opendata.socrata.com/Government/2011-Report-to-Congress-on-White-House-Staff/73t8-rw4g","378,137"
"Milk  RadNet Laboratory Analysis","https://opendata.socrata.com/Government/Milk-RadNet-Laboratory-Analysis/pkfj-5jsd","218,473"
"Precipitation RadNet Laboratory Analysis","https://opendata.socrata.com/Government/Precipitation-RadNet-Laboratory-Analysis/e2xy-undq","209,232"
"Le Sarkomètre","https://opendata.socrata.com/Government/Le-Sarkom-tre/mm2p-747g","183,729"
"2012 Annual Report to Congress on White House Staff","https://opendata.socrata.com/Government/2012-Annual-Report-to-Congress-on-White-House-Staf/jv7a-cjdv","205,600"
"Drinking Water RadNet Laboratory Analysis","https://opendata.socrata.com/Government/Drinking-Water-RadNet-Laboratory-Analysis/4ig7-9eqd","154,425"
"Sorted RadNet Laboratory Analysis","https://opendata.socrata.com/Government/Sorted-RadNet-Laboratory-Analysis/w9fb-tgv6","159,979"
"Air Filter & Cartridge RadNet Laboratory Analysis","https://opendata.socrata.com/Government/Air-Filter-Cartridge-RadNet-Laboratory-Analysis/3d4g-9muv","117,314"
"Heat Map - Destinations G-FL Region","https://opendata.socrata.com/Government/Heat-Map-Destinations-G-FL-Region/hrz7-h4gc","51"
"Genesee-Finger Lakes Region Destinations","https://opendata.socrata.com/Government/Genesee-Finger-Lakes-Region-Destinations/wqn5-w2hk","44"
"USGS Earthquake Reports","https://opendata.socrata.com/dataset/USGS-Earthquake-Reports/fsu9-z85q","19"
"Disadvantages of an Online Driving Course for Driver’s Ed","https://opendata.socrata.com/Education/Disadvantages-of-an-Online-Driving-Course-for-Driv/avfi-9fd3","14"
"Measles Immunization in CPS Schools During 2014-2015 School Year","https://opendata.socrata.com/dataset/Measles-Immunization-in-CPS-Schools-During-2014-20/u9wq-6h2f","16"
"Squish","https://opendata.socrata.com/dataset/Squish/ck4s-4mts","7,797"
"ovhksearch","https://opendata.socrata.com/dataset/ovhksearch/g4c9-gaxy","8,701"
"San Francisco: Milk RadNet Laboratory Analysis","https://opendata.socrata.com/Government/San-Francisco-Milk-RadNet-Laboratory-Analysis/k4dk-y6ex","8,692"
"Most common reasons for food recalls","https://opendata.socrata.com/Government/Most-common-reasons-for-food-recalls/9iuc-3wkn","7,612"
"Index of U.S. Government Departments and Agencies","https://opendata.socrata.com/Government/Index-of-U-S-Government-Departments-and-Agencies/2yen-rixh","6,739"
"US Cities With Iodine Radiation In The Drinking Water","https://opendata.socrata.com/Government/US-Cities-With-Iodine-Radiation-In-The-Drinking-Wa/yqd5-rjuc","6,854"
"column chart","https://opendata.socrata.com/dataset/column-chart/yrrn-qemb","6,757"
"Denver: Drinking Water RadNet Laboratory Analysis","https://opendata.socrata.com/Government/Denver-Drinking-Water-RadNet-Laboratory-Analysis/9jpu-dqw4","7,147"
"White House Visitor Logs (annotated)","https://opendata.socrata.com/Government/White-House-Visitor-Logs-annotated-/df8n-kd3j","7,040"
"Washington's structurally deficient bridges","https://opendata.socrata.com/Government/Washington-s-structurally-deficient-bridges/y3ea-t8vj","6,832"
"House Disbursements Summary 2009 Q3","https://opendata.socrata.com/Government/House-Disbursements-Summary-2009-Q3/5cst-9cm5","7,058"
"Timeline of Governors by Political Affiliation, 1970-2012","https://opendata.socrata.com/Government/Timeline-of-Governors-by-Political-Affiliation-197/hmak-vpvn","8,232"
"UtahBeerTaxmap","https://opendata.socrata.com/Government/UtahBeerTaxmap/6i4w-nzeq","8,375"
"E Liquid Cost Per ML","https://opendata.socrata.com/dataset/E-Liquid-Cost-Per-ML/mpg2-phvs","11,724"
"Texas Lawmaker Personal Financial Statements For CY 2012-2","https://opendata.socrata.com/Government/Texas-Lawmaker-Personal-Financial-Statements-For-C/k2dw-gwje","8,682"
"Top 25 Facebook Game developers","https://opendata.socrata.com/Personal/Top-25-Facebook-Game-developers/7xeu-r99j","8,424"
"Hawaii Honolulu Precipitation","https://opendata.socrata.com/Government/Hawaii-Honolulu-Precipitation/6iva-fhgg","9,129"
"Olympia: Precipitation RadNet Laboratory Analysis","https://opendata.socrata.com/Government/Olympia-Precipitation-RadNet-Laboratory-Analysis/swzy-5bwh","7,573"
"County comparison","https://opendata.socrata.com/Government/County-comparison/jinf-pspj","7,812"
"Top 10 Loudest College Basketball Arenas","https://opendata.socrata.com/dataset/Top-10-Loudest-College-Basketball-Arenas/rtuv-rirn","7,230"
"SBA Loan Failure Rate by NAICS Industry Code","https://opendata.socrata.com/Business/SBA-Loan-Failure-Rate-by-NAICS-Industry-Code/hc6g-7b34","12,258"
"Top 25 Santa Fe County Properties","https://opendata.socrata.com/Government/Top-25-Santa-Fe-County-Properties/izus-a4n2","19,145"
"FGCU salary dataset","https://opendata.socrata.com/dataset/FGCU-salary-dataset/fjqw-ymup","12,584"
"Social Networks For Women","https://opendata.socrata.com/dataset/Social-Networks-For-Women/6wph-rent","9,962"
"Potential Jobs Created by the Recovery and Reinvestment Act","https://opendata.socrata.com/Government/Potential-Jobs-Created-by-the-Recovery-and-Reinves/dqfg-a9mp","7,809"
"Bernie Madoff Investors","https://opendata.socrata.com/Business/Bernie-Madoff-Investors/ymsz-fkh9","8,407"
"Alberta FOI Request Data 1995-2009","https://opendata.socrata.com/dataset/Alberta-FOI-Request-Data-1995-2009/fhku-mij6","8,839"
"Energy Efficiency Funding Map","https://opendata.socrata.com/dataset/Energy-Efficiency-Funding-Map/efic-22fx","8,995"
"Airsoft Review Database - AEGs","https://opendata.socrata.com/Fun/Airsoft-Review-Database-AEGs/qhsr-j3c5","10,811"
"Tax Ideas Submitted by the Public","https://opendata.socrata.com/Government/Tax-Ideas-Submitted-by-the-Public/rtpw-2rrr","7,688"
"Alberta Government Food and Beverage Costs 2009/10","https://opendata.socrata.com/dataset/Alberta-Government-Food-and-Beverage-Costs-2009-10/3cqr-g2c7","8,365"
"E-Liquid Cost-per-ml","https://opendata.socrata.com/Fun/E-Liquid-Cost-per-ml/j8gz-u2t8","11,003"
"Renewable Energy Map","https://opendata.socrata.com/dataset/Renewable-Energy-Map/a6zs-d566","11,598"
"Honolulu: Air Filter & Cartridge RadNet Laboratory Analysis","https://opendata.socrata.com/Government/Honolulu-Air-Filter-Cartridge-RadNet-Laboratory-An/kaax-vbup","11,938"
"Santa Fe Non-profits","https://opendata.socrata.com/dataset/Santa-Fe-Non-profits/c7gh-83ff","19,383"
"Santa Fe Contributors","https://opendata.socrata.com/dataset/Santa-Fe-Contributors/f92i-ik66","19,234"
"The Planes","https://opendata.socrata.com/dataset/The-Planes/6v2k-v9qc","19,296"
"Contributors to NM Gov. Bill Richardson","https://opendata.socrata.com/Government/Contributors-to-NM-Gov-Bill-Richardson/vupa-fvqs","19,074"
"RadNet Laboratory Analysis","https://opendata.socrata.com/Government/RadNet-Laboratory-Analysis/cf4r-dfwe","7,230"
"Interagency Ocean Policy Taskforce Comments","https://opendata.socrata.com/Government/Interagency-Ocean-Policy-Taskforce-Comments/4w5y-5cfm","10,380"
"Ning Directory - Social Networks (June 20, 2009)","https://opendata.socrata.com/dataset/Ning-Directory-Social-Networks-June-20-2009-/63av-5udk","8,751"
"City Of Trenton - 2012 Certified Tax List","https://opendata.socrata.com/dataset/City-Of-Trenton-2012-Certified-Tax-List/mxtj-vhhx","21,440"
"Honolulu: Drinking Water RadNet Laboratory Analysis","https://opendata.socrata.com/Government/Honolulu-Drinking-Water-RadNet-Laboratory-Analysis/v3jf-ks99","11,948"
"2013 Salaries: Pennsylvania State System of Higher Education","https://opendata.socrata.com/Education/2013-Salaries-Pennsylvania-State-System-of-Higher-/26jq-uk2i","82,753"
"Troops In Afghanistan By Country Piechart","https://opendata.socrata.com/dataset/Troops-In-Afghanistan-By-Country-Piechart/9xbs-saqi","12,170"
"Portland: Precipitation RadNet Laboratory Analysis","https://opendata.socrata.com/Government/Portland-Precipitation-RadNet-Laboratory-Analysis/jn52-mf7j","12,643"
"Country List ISO 3166 Codes Latitude Longitude","https://opendata.socrata.com/dataset/Country-List-ISO-3166-Codes-Latitude-Longitude/mnkm-8ram","21,386"
"OCCC Faculty & Staff","https://opendata.socrata.com/Education/OCCC-Faculty-Staff/7trt-aanw","15,565"
"NT Greek Principal Parts","https://opendata.socrata.com/Education/NT-Greek-Principal-Parts/aes3-kctc","11,315"
"Mayor","https://opendata.socrata.com/dataset/Mayor/2p3t-v32s","11,338"
"Alcohol Consumption Per Country","https://opendata.socrata.com/Government/Alcohol-Consumption-Per-Country/hj43-2bpj","12,395"
"Criterions on Netflix","https://opendata.socrata.com/Fun/Criterions-on-Netflix/sfnr-xcnq","14,215"
"TWE finance Sept. 9, 2010","https://opendata.socrata.com/dataset/TWE-finance-Sept-9-2010/gbjv-bew8","18,594"
"Franchise Failureby Brand2011","https://opendata.socrata.com/Business/Franchise-Failureby-Brand2011/5qh7-7usu","42,372"
"Seattle: Air Filter & Cartridge RadNet Laboratory Analysis","https://opendata.socrata.com/Government/Seattle-Air-Filter-Cartridge-RadNet-Laboratory-Ana/x2x4-a78a","14,661"
"Seattle Tech Companies Map","https://opendata.socrata.com/Business/Seattle-Tech-Companies-Map/tz9i-ie4t","13,804"
"Portland: Milk RadNet Laboratory Analysis","https://opendata.socrata.com/Government/Portland-Milk-RadNet-Laboratory-Analysis/b4ne-pkp8","12,662"
"Portland: Drinking Water RadNet Laboratory Analysis","https://opendata.socrata.com/Government/Portland-Drinking-Water-RadNet-Laboratory-Analysis/85pj-7x27","12,631"
"City Of Trenton - 2011 Certified Tax List","https://opendata.socrata.com/Government/City-Of-Trenton-2011-Certified-Tax-List/ewuw-qyqp","13,242"
"Anaheim: Air Filter & Cartridge RadNet Laboratory Analysis","https://opendata.socrata.com/Government/Anaheim-Air-Filter-Cartridge-RadNet-Laboratory-Ana/kf7b-j8wk","12,458"
"Rep","https://opendata.socrata.com/dataset/Rep/qsig-ckg9","15,321"
"Los Angeles: Drinking Water RadNet Laboratory Analysis","https://opendata.socrata.com/Government/Los-Angeles-Drinking-Water-RadNet-Laboratory-Analy/x2yf-hftq","20,447"
"Los Angeles: Milk RadNet Laboratory Analysis","https://opendata.socrata.com/Government/Los-Angeles-Milk-RadNet-Laboratory-Analysis/8fw5-fnzk","20,319"
"San Francisco: Air Filter & Cartridge RadNet Laboratory Analysis","https://opendata.socrata.com/Government/San-Francisco-Air-Filter-Cartridge-RadNet-Laborato/vew3-webj","19,213"
"World's Largest Cathedrals","https://opendata.socrata.com/dataset/World-s-Largest-Cathedrals/sfaz-u3mt","17,114"
"Social Media and Law Enforcement: Who Gets What Info and When?","https://opendata.socrata.com/Government/Social-Media-and-Law-Enforcement-Who-Gets-What-Inf/2q2w-fhk6","27,768"
"Seattle: Drinking Water RadNet Laboratory Analysis","https://opendata.socrata.com/Government/Seattle-Drinking-Water-RadNet-Laboratory-Analysis/g8ab-jk7t","16,388"
"Rate of Fatal Work Injuries per 100,000 Workers, 2006-2012","https://opendata.socrata.com/Government/Rate-of-Fatal-Work-Injuries-per-100-000-Workers-20/dq7n-btuf","17,746"
"Lista de Guarderías Subrogadas por el IMSS","https://opendata.socrata.com/Government/Lista-de-Guarder-as-Subrogadas-por-el-IMSS/v67s-yiqx","27,907"
"Mapa de los Proyectos de Inversión Pública en Ejecución","https://opendata.socrata.com/Government/Mapa-de-los-Proyectos-de-Inversi-n-P-blica-en-Ejec/p62z-4uvz","14,178"
"SBA Loan failure rate for franchisees in a franchise brand","https://opendata.socrata.com/Banking-Finance-and-Insurance/SBA-Loan-failure-rate-for-franchisees-in-a-franchi/yiht-4fbq","18,332"
"Mapa Proyectos de Inversión Pública - Plan de Acción 2012","https://opendata.socrata.com/Government/Mapa-Proyectos-de-Inversi-n-P-blica-Plan-de-Acci-n/6g9w-84gs","76,794"
"Mapa Proyectos de Inversión Pública - Plan de Acción 2011","https://opendata.socrata.com/Government/Mapa-Proyectos-de-Inversi-n-P-blica-Plan-de-Acci-n/imng-7jze","75,790"
"2009 Report to Congress on White House Staff","https://opendata.socrata.com/Government/2009-Report-to-Congress-on-White-House-Staff/pc5g-zfsx","71,271"
"FISTEMATICA 2.0","https://opendata.socrata.com/Education/FISTEMATICA-2-0/3yqq-6ret","123,336"
"Top 1,000 Songs To Hear Before You Die","https://opendata.socrata.com/Fun/Top-1-000-Songs-To-Hear-Before-You-Die/ed74-c6ni","50,420"
"Unclaimed bank accounts","https://opendata.socrata.com/Government/Unclaimed-bank-accounts/n2rk-fwkj","43,994"
"Premium Tips View","https://opendata.socrata.com/Education/Premium-Tips-View/8r3i-v3rc","31,019"
"Search The Groups That Have Lost Their Tax-Exempt Status","https://opendata.socrata.com/Government/Search-The-Groups-That-Have-Lost-Their-Tax-Exempt-/j5va-k6fu","29,398"
"ReverseWineSnob.com Wine Ranking","https://opendata.socrata.com/dataset/ReverseWineSnob-com-Wine-Ranking/cv7f-squi","43,977"
"Senator Golden","https://opendata.socrata.com/dataset/Senator-Golden/n3yk-vzcn","20,356"
"View 1","https://opendata.socrata.com/Fun/View-1/24a4-ryxq","13"
"Genesee-Finger Lakes Region 5-Year Crash Events","https://opendata.socrata.com/Education/Genesee-Finger-Lakes-Region-5-Year-Crash-Events/9cuv-anxp","31"
"Serious Injuries by Crash Type - Tree Map","https://opendata.socrata.com/Education/Serious-Injuries-by-Crash-Type-Tree-Map/nzzp-im8h","9"
"Lake Avenue Crashes (Test)","https://opendata.socrata.com/Education/Lake-Avenue-Crashes-Test-/5whm-zvu4","3"
"Motor Vehicles vs. Bicyclists and Pedestrians - Heat Map","https://opendata.socrata.com/dataset/Motor-Vehicles-vs-Bicyclists-and-Pedestrians-Heat-/jaez-cftv","14"
"Fatalities by Crash Type - Pie Chart","https://opendata.socrata.com/Education/Fatalities-by-Crash-Type-Pie-Chart/q8xg-8gyd","14"
"Bicycle Crash Density - Rochester NY - Heat Map","https://opendata.socrata.com/Education/Bicycle-Crash-Density-Rochester-NY-Heat-Map/754v-nvtn","4"
"Bicycle Crash Density - Batavia NY - Heat Map","https://opendata.socrata.com/Education/Bicycle-Crash-Density-Batavia-NY-Heat-Map/p92k-69ba","16"
"Fatalities 2009-2013 - Line Chart","https://opendata.socrata.com/Education/Fatalities-2009-2013-Line-Chart/dsin-icnw","6"
"Fatalities by County - Tree Map","https://opendata.socrata.com/Education/Fatalities-by-County-Tree-Map/t3ed-bg3g","3"
"Phoenix Bus Stops","https://opendata.socrata.com/dataset/Phoenix-Bus-Stops/ftmz-9nf9","1 view"
"USA Customers","https://opendata.socrata.com/dataset/USA-Customers/muff-ntj6","38"
"Federal","https://opendata.socrata.com/dataset/Federal/mhqk-5npj","9"
"Microsoft","https://opendata.socrata.com/dataset/Microsoft/srb2-84h4","4"
"Maricopa County Local Govt Building","https://opendata.socrata.com/dataset/Maricopa-County-Local-Govt-Building/prwp-3sa3","3"
"Maricopa County Local Govt Buildings","https://opendata.socrata.com/dataset/Maricopa-County-Local-Govt-Buildings/9p3m-zrhx","5"
"Terrorist Attacks in Europe","https://opendata.socrata.com/dataset/Terrorist-Attacks-in-Europe/izwp-5tqp","8"
"Engagement Cards in London","https://opendata.socrata.com/dataset/Engagement-Cards-in-London/3wkt-3yns","4"
"bay","https://opendata.socrata.com/dataset/bay/ujqk-iwmp","5"
"Totals - Civilian Deaths","https://opendata.socrata.com/dataset/Totals-Civilian-Deaths/sypz-55v9","10"
"Socrata Customer City Map","https://opendata.socrata.com/dataset/Socrata-Customer-City-Map/h73e-yrja","61"
"CIO test map","https://opendata.socrata.com/dataset/CIO-test-map/hgr7-kim7","29"
"CIO View","https://opendata.socrata.com/dataset/CIO-View/jagw-8fay","42"
"Socrata GovStat Customers","https://opendata.socrata.com/dataset/Socrata-GovStat-Customers/sqtj-gz7p","23"
"city","https://opendata.socrata.com/dataset/city/bvtb-dwyi","57"
"dispensaryList","https://opendata.socrata.com/Government/dispensaryList/ynae-d7df","19"
"Pelajar SMA Unggul Pidie jaya","https://opendata.socrata.com/Education/Pelajar-SMA-Unggul-Pidie-jaya/uqci-tvns","5"
"City Customers","https://opendata.socrata.com/dataset/City-Customers/yppd-rn7a","8"
"Socrata Customer City Map","https://opendata.socrata.com/dataset/Socrata-Customer-City-Map/y8yi-wgjk","328"
"Fed","https://opendata.socrata.com/dataset/Fed/4d4q-3zet","32"
"Monroe County 5-Year Crash Events","https://opendata.socrata.com/Education/Monroe-County-5-Year-Crash-Events/hfw7-miae","3"
"Descarga","https://opendata.socrata.com/Fun/Descarga/p8nq-kqiq","4"
"Total Civilian Injuries","https://opendata.socrata.com/dataset/Total-Civilian-Injuries/8t7i-8snd","6"
"Civilian Deaths","https://opendata.socrata.com/dataset/Civilian-Deaths/ekak-adyq","5"
"Reunion 2015","https://opendata.socrata.com/Education/Reunion-2015/4m4u-ep4z","85"
"Payroll Report - End Date 3/25/2015","https://opendata.socrata.com/Government/Payroll-Report-End-Date-3-25-2015/y9pt-mz2n","347"
"Vienna","https://opendata.socrata.com/dataset/Vienna/hwj6-kxfh","7"
"Government Injury","https://opendata.socrata.com/dataset/Government-Injury/2q72-324s","4"
"Best value","https://opendata.socrata.com/Fun/Best-value/x6iz-ptsj","14"
"Unclaimed Accounts - Institution Size Issue","https://opendata.socrata.com/Government/Unclaimed-Accounts-Institution-Size-Issue/nhga-r6qx","9"
"Boise: Air Filter & Cartridge RadNet Laboratory Analysis","https://opendata.socrata.com/Government/Boise-Air-Filter-Cartridge-RadNet-Laboratory-Analy/pbed-jkgc","5,017"
"Mapa de los Proyectos de Inversión Pública 2012 en Ejecución","https://opendata.socrata.com/Government/Mapa-de-los-Proyectos-de-Inversi-n-P-blica-2012-en/uwgq-ckdm","4,893"
"2010 Burt Lerner National Elementary (K-6) Chess Championship","https://opendata.socrata.com/Personal/2010-Burt-Lerner-National-Elementary-K-6-Chess-Cha/ie4j-sd5v","4,825"
"Payment Type, MBTA Subway Lines, September 8, 2009","https://opendata.socrata.com/Education/Payment-Type-MBTA-Subway-Lines-September-8-2009/yd8g-q8zb","4,831"
"Riverside: Air Filter & Cartridge RadNet Laboratory Analysis","https://opendata.socrata.com/Government/Riverside-Air-Filter-Cartridge-RadNet-Laboratory-A/ufda-eyf8","4,810"
"Playdatabase's Most Popular Plays","https://opendata.socrata.com/dataset/Playdatabase-s-Most-Popular-Plays/qbhz-8u2d","4,476"
"NEPA Public Comments","https://opendata.socrata.com/dataset/NEPA-Public-Comments/6peu-b86u","8,178"
"How to Volunteer at a Soup Kitchen","https://opendata.socrata.com/Personal/How-to-Volunteer-at-a-Soup-Kitchen/fw6u-sgth","4,630"
"Payment Type, MBTA Bus Routes, September 8, 2009","https://opendata.socrata.com/Education/Payment-Type-MBTA-Bus-Routes-September-8-2009/hswa-3ybf","4,661"
"Title I Grants to School Districts -- All States","https://opendata.socrata.com/Government/Title-I-Grants-to-School-Districts-All-States/xean-ic26","4,534"
"FAA National Wildlife Aircraft Strike Database (Year 2000 and after)","https://opendata.socrata.com/Government/FAA-National-Wildlife-Aircraft-Strike-Database-Yea/9r8b-gr46","2,672"
"Phoenix: Milk RadNet Laboratory Analysis","https://opendata.socrata.com/Government/Phoenix-Milk-RadNet-Laboratory-Analysis/6ep2-ky6t","5,514"
"2008 BOLD Survey of Puget Sound Levels for PCB Congeners","https://opendata.socrata.com/dataset/2008-BOLD-Survey-of-Puget-Sound-Levels-for-PCB-Con/ewv9-5b9a","6,457"
"American Rhetoric's Top 100 Speeches of the 20th Century","https://opendata.socrata.com/dataset/American-Rhetoric-s-Top-100-Speeches-of-the-20th-C/2wqi-bkqm","4,761"
"USPS Proposed Station Closures","https://opendata.socrata.com/Government/USPS-Proposed-Station-Closures/yttn-5rye","4,940"
"Inventory Dataset","https://opendata.socrata.com/Business/Inventory-Dataset/ip7p-fhg8","4,199"
"Idaho Falls: Drinking Water RadNet Laboratory Analysis","https://opendata.socrata.com/Government/Idaho-Falls-Drinking-Water-RadNet-Laboratory-Analy/57y4-byrf","5,496"
"Percentage of Population Below the Poverty Line","https://opendata.socrata.com/Government/Percentage-of-Population-Below-the-Poverty-Line/5u5p-8sij","3,664"
"YouTube most viewed ANIMAL videos","https://opendata.socrata.com/dataset/YouTube-most-viewed-ANIMAL-videos/ck3r-eyyf","4,627"
"Boise: Precipitation RadNet Laboratory Analysis","https://opendata.socrata.com/Government/Boise-Precipitation-RadNet-Laboratory-Analysis/bwa2-sq6w","5,001"
"Smart Grid Funding Map","https://opendata.socrata.com/dataset/Smart-Grid-Funding-Map/yefd-dygx","5,771"
"2010 Grade National Chess Tournament, Orlando FL","https://opendata.socrata.com/Personal/2010-Grade-National-Chess-Tournament-Orlando-FL/zsvu-nc8w","6,252"
"Phoenix: Air Filter & Cartridge RadNet Laboratory Analysis","https://opendata.socrata.com/Government/Phoenix-Air-Filter-Cartridge-RadNet-Laboratory-Ana/ebii-7yie","5,528"
"House Disbursements Detail 2009 Q3","https://opendata.socrata.com/Government/House-Disbursements-Detail-2009-Q3/s27v-9zjj","6,278"
"Resources","https://opendata.socrata.com/Business/Resources/a8nm-7ny3","5,516"
"Freshman","https://opendata.socrata.com/Government/Freshman/u7xw-x9v3","5,315"
"Proyectos de Inversión Pública 2012","https://opendata.socrata.com/Government/Proyectos-de-Inversi-n-P-blica-2012/fzt7-q42i","5,169"
"CaddoLanguage","https://opendata.socrata.com/Education/CaddoLanguage/kerq-ib5s","11,442"
"CDC Suspected Swine Flu Cases Map","https://opendata.socrata.com/Government/CDC-Suspected-Swine-Flu-Cases-Map/8uw8-rtje","4,924"
"Denver: Precipitation RadNet Laboratory Analysis","https://opendata.socrata.com/Government/Denver-Precipitation-RadNet-Laboratory-Analysis/saj3-ri8t","5,559"
"EPA Air Sampling: Response to BP Oil Spill","https://opendata.socrata.com/Government/EPA-Air-Sampling-Response-to-BP-Oil-Spill/498c-fwrs","7,045"
"Airport Codes mapped to Latitude/Longitude in the United States","https://opendata.socrata.com/dataset/Airport-Codes-mapped-to-Latitude-Longitude-in-the-/rxrh-4cxm","10,140"
"Base De Datos Oferta Formativa Universidades","https://opendata.socrata.com/Education/Base-De-Datos-Oferta-Formativa-Universidades/5ib6-ewbq","7,239"
"NT2010","https://opendata.socrata.com/Education/NT2010/99my-kzwp","3,085"
"AKC's Top 50 Dog Breeds","https://opendata.socrata.com/dataset/AKC-s-Top-50-Dog-Breeds/2es9-pgpu","5,839"
"Comments on the Interim Report of the Interagency Ocean Policy Task Force","https://opendata.socrata.com/Government/Comments-on-the-Interim-Report-of-the-Interagency-/9dn9-umy8","5,797"
"VA 2010 Census Population By Race","https://opendata.socrata.com/dataset/VA-2010-Census-Population-By-Race/pnj7-fdqg","6,178"
"UmWeichselbrunn","https://opendata.socrata.com/Fun/UmWeichselbrunn/ai5f-3azp","10,697"
"Inventory Main Public","https://opendata.socrata.com/Business/Inventory-Main-Public/jtne-3nhu","5,945"
"SBL Abbreviations","https://opendata.socrata.com/Education/SBL-Abbreviations/bpbv-52wq","7,703"
"US State Populations 1790-2011 (no totals)","https://opendata.socrata.com/dataset/US-State-Populations-1790-2011-no-totals-/vjuv-wwaw","11"
"Socrata Customer Spotlights","https://opendata.socrata.com/dataset/Socrata-Customer-Spotlights/esb9-fhuu","22"
"medicare","https://opendata.socrata.com/dataset/medicare/tdgb-knhq","8"
"Socrata Customer Map","https://opendata.socrata.com/dataset/Socrata-Customer-Map/ijgm-knyv","48"
"medicare","https://opendata.socrata.com/dataset/medicare/sd5n-b2jj","7"
"States that run socrata-powered sites","https://opendata.socrata.com/dataset/States-that-run-socrata-powered-sites/garw-dc9p","10"
"European Terrorism Data Collection","https://opendata.socrata.com/dataset/European-Terrorism-Data-Collection/9gqn-732y","4"
"How do Swollen Legs and Ankles Impact the Lives of Great Falls Patients?","https://opendata.socrata.com/Business/How-do-Swollen-Legs-and-Ankles-Impact-the-Lives-of/wryf-tjmk","3"
"GeoLocation of Socrata Customers","https://opendata.socrata.com/dataset/GeoLocation-of-Socrata-Customers/4xqe-5h3g","36"
"GeoLocation of Socrata Customers Emerging Market","https://opendata.socrata.com/dataset/GeoLocation-of-Socrata-Customers-Emerging-Market/jxtb-wm52","21"
"Chuck's Costco White","https://opendata.socrata.com/dataset/Chuck-s-Costco-White/5yhd-gqfa","17"
"Reds","https://opendata.socrata.com/dataset/Reds/b3ah-eztj","115"
"Olives Dry Whites","https://opendata.socrata.com/dataset/Olives-Dry-Whites/akcp-a9fe","30"
"Costco","https://opendata.socrata.com/dataset/Costco/ayzy-yqtr","23"
"dcc Better wines","https://opendata.socrata.com/dataset/dcc-Better-wines/ac79-ahm8","52"
"Trader Joe's - Taste 9 or greater","https://opendata.socrata.com/dataset/Trader-Joe-s-Taste-9-or-greater/ftjb-zx6h","14"
"carta","https://opendata.socrata.com/dataset/carta/avcj-ryz3","7"
"Fourth Quarter 2014 Asset-Based Lending Index","https://opendata.socrata.com/Business/Fourth-Quarter-2014-Asset-Based-Lending-Index/9j9v-x5vi","7"
"207","https://opendata.socrata.com/dataset/207/5ec9-9fdy","3"
"Total Government Deaths","https://opendata.socrata.com/dataset/Total-Government-Deaths/ga8t-jxrx","3"
"Chuck's TJ White","https://opendata.socrata.com/dataset/Chuck-s-TJ-White/5j4g-8k3k","23"
"rick","https://opendata.socrata.com/dataset/rick/jrmd-rqqy","47"
"Other red bulk buy","https://opendata.socrata.com/dataset/Other-red-bulk-buy/x5tc-vqvw","36"
"Olive's Reds","https://opendata.socrata.com/dataset/Olive-s-Reds/543d-eu99","41"
"costco","https://opendata.socrata.com/dataset/costco/cy7h-ccn2","38"
"Olive's Reds","https://opendata.socrata.com/dataset/Olive-s-Reds/kxnk-468b","32"
"dcc Costco Best reds","https://opendata.socrata.com/dataset/dcc-Costco-Best-reds/iyek-pv33","50"
"Taste - 9 or Higher","https://opendata.socrata.com/dataset/Taste-9-or-Higher/k6yr-dkw7","12"
"Olive's Red View","https://opendata.socrata.com/dataset/Olive-s-Red-View/c67c-74bw","29"
"Olive's Again","https://opendata.socrata.com/dataset/Olive-s-Again/mgju-f4mk","39"
"NSA Water Jan 2015-2","https://opendata.socrata.com/Education/NSA-Water-Jan-2015-2/8iam-897p","6"
"RWS-Tempranillo","https://opendata.socrata.com/dataset/RWS-Tempranillo/ngxa-faj4","39"
"Zip","https://opendata.socrata.com/dataset/Zip/5jyj-5t4r","3"
"printable","https://opendata.socrata.com/dataset/printable/7s4y-x4i5","129"
"Olive's Again...","https://opendata.socrata.com/dataset/Olive-s-Again-/srj2-d5g3","33"
"08618","https://opendata.socrata.com/dataset/08618/r6kk-tg55","3"
"COSTCO RED BULK BUY","https://opendata.socrata.com/dataset/COSTCO-RED-BULK-BUY/wy5n-ix48","40"
"Cabernet Sauvignon","https://opendata.socrata.com/dataset/Cabernet-Sauvignon/vt6w-xyac","45"
"TJ Red bulk buy","https://opendata.socrata.com/dataset/TJ-Red-bulk-buy/53ei-8diy","29"
"TJ Wines","https://opendata.socrata.com/dataset/TJ-Wines/sgah-fjuv","33"
"Oklahoma Stimulus non-reporters","https://opendata.socrata.com/Government/Oklahoma-Stimulus-non-reporters/cbmp-fkgk","3,437"
"Bookshelf 4 - B/Ds annual reports","https://opendata.socrata.com/Government/Bookshelf-4-B-Ds-annual-reports/gcei-bxi7","3,995"
"Top 15 Hispanic Dolls (Ranked in Order)","https://opendata.socrata.com/dataset/Top-15-Hispanic-Dolls-Ranked-in-Order-/586s-2zps","3,357"
"Newspapers/Wires Covering Federal Agencies","https://opendata.socrata.com/Education/Newspapers-Wires-Covering-Federal-Agencies/8zkb-rm5a","4,251"
"Capital Purchase Program Transactions","https://opendata.socrata.com/Government/Capital-Purchase-Program-Transactions/vfi8-m34e","3,142"
"Analytical Anarchism Literature","https://opendata.socrata.com/Education/Analytical-Anarchism-Literature/bggg-qpgz","3,881"
"Expenditure Report Period Ending 3/31/2011","https://opendata.socrata.com/Government/Expenditure-Report-Period-Ending-3-31-2011/cddz-6862","3,739"
"Boise: Drinking Water RadNet Laboratory Analysis","https://opendata.socrata.com/Government/Boise-Drinking-Water-RadNet-Laboratory-Analysis/sw8k-zz68","3,620"
"Juneau: Air Filter & Cartridge RadNet Laboratory Analysis","https://opendata.socrata.com/Government/Juneau-Air-Filter-Cartridge-RadNet-Laboratory-Anal/r9sy-j65i","3,161"
"U.S. Congress","https://opendata.socrata.com/Government/U-S-Congress/45vt-g2zi","2,308"
"St. Paul: Precipitation RadNet Laboratory Analysis","https://opendata.socrata.com/Government/St-Paul-Precipitation-RadNet-Laboratory-Analysis/df8q-c83t","3,982"
"Alberta Bitumen Upgrading","https://opendata.socrata.com/dataset/Alberta-Bitumen-Upgrading/dp2g-3mg7","3,685"
"South Lee County Intersections","https://opendata.socrata.com/dataset/South-Lee-County-Intersections/z9da-9rtx","3,806"
"Collier County Intersections","https://opendata.socrata.com/dataset/Collier-County-Intersections/m72s-998v","3,799"
"Open Data Sites Around the World","https://opendata.socrata.com/dataset/Open-Data-Sites-Around-the-World/94yk-sv28","4,495"
"SF API 2010 scores.csv","https://opendata.socrata.com/Education/SF-API-2010-scores-csv/pnh7-28ve","3,682"
"SMC API 2010 scores.xls","https://opendata.socrata.com/Education/SMC-API-2010-scores-xls/r884-455n","3,610"
"2009 NFL Schedule","https://opendata.socrata.com/Fun/2009-NFL-Schedule/4b3q-d976","2,789"
"1990-1999 Reported Aircraft Wildlife (Bird) Strikes","https://opendata.socrata.com/Government/1990-1999-Reported-Aircraft-Wildlife-Bird-Strikes/inea-i3an","2,360"
"White House Staff Salaries","https://opendata.socrata.com/dataset/White-House-Staff-Salaries/3s73-w77u","3,546"
"Cash for Clunkers Separated by Make","https://opendata.socrata.com/Government/Cash-for-Clunkers-Separated-by-Make/6k5e-6bkv","3,424"
"Mapa de los Proyectos de Inversión Pública 2011 en Ejecución","https://opendata.socrata.com/Government/Mapa-de-los-Proyectos-de-Inversi-n-P-blica-2011-en/6v98-45z7","4,293"
"Utah Average Wage For Hourly Workers","https://opendata.socrata.com/dataset/Utah-Average-Wage-For-Hourly-Workers/us9r-qb2p","4,716"
"World news site traffic chart","https://opendata.socrata.com/dataset/World-news-site-traffic-chart/gafn-f9gr","5,274"
"Top 5,000 Companies from INC.com","https://opendata.socrata.com/Business/Top-5-000-Companies-from-INC-com/n4ex-cets","3,854"
"Las Vegas: Drinking Water RadNet Laboratory Analysis","https://opendata.socrata.com/Government/Las-Vegas-Drinking-Water-RadNet-Laboratory-Analysi/psuy-f4ih","4,402"
"Reno: Milk RadNet Laboratory Analysis","https://opendata.socrata.com/Government/Reno-Milk-RadNet-Laboratory-Analysis/tux7-a88y","3,971"
"Las Vegas: Air Filter & Cartridge RadNet Laboratory Analysis","https://opendata.socrata.com/Government/Las-Vegas-Air-Filter-Cartridge-RadNet-Laboratory-A/grbr-cp4s","4,340"
"Spokane: Milk RadNet Laboratory Analysis","https://opendata.socrata.com/Government/Spokane-Milk-RadNet-Laboratory-Analysis/jt9u-bhsf","4,560"
"New York: Drinking Water RadNet Laboratory Analysis","https://opendata.socrata.com/Government/New-York-Drinking-Water-RadNet-Laboratory-Analysis/s4px-h2b4","4,285"
"Oahu: Air Filter & Cartridge RadNet Laboratory Analysis","https://opendata.socrata.com/Government/Oahu-Air-Filter-Cartridge-RadNet-Laboratory-Analys/83cu-i4nz","4,753"
"House Committee Disbursements Detail 2009 Q3","https://opendata.socrata.com/Government/House-Committee-Disbursements-Detail-2009-Q3/rwgv-xsvp","4,983"
"San Bernardino: Air Filter & Cartridge RadNet Laboratory Analysis","https://opendata.socrata.com/Government/San-Bernardino-Air-Filter-Cartridge-RadNet-Laborat/rcpa-5jxn","4,644"
"Kauai: Air Filter & Cartridge RadNet Laboratory Analysis","https://opendata.socrata.com/Government/Kauai-Air-Filter-Cartridge-RadNet-Laboratory-Analy/wzt3-jp8y","4,224"
"OECD Broadband Average Download Speed by Country","https://opendata.socrata.com/dataset/OECD-Broadband-Average-Download-Speed-by-Country/jnqr-srth","4,392"
"Τηλεφωνικος Καταλογος","https://opendata.socrata.com/dataset/-/hb92-w2gw","4,174"
"Interagency Ocean Policy Task Force Framework Comments","https://opendata.socrata.com/Government/Interagency-Ocean-Policy-Task-Force-Framework-Comm/y347-w3ye","4,492"
"2010 El Tour de Tucson","https://opendata.socrata.com/dataset/2010-El-Tour-de-Tucson/h9hj-t6ti","4,442"
"House Committee Disbursements Summary 2009 Q3","https://opendata.socrata.com/Government/House-Committee-Disbursements-Summary-2009-Q3/jrzy-2ik9","4,598"
"CCS Funding Map","https://opendata.socrata.com/dataset/CCS-Funding-Map/ypr5-uyeq","4,171"
"Collideoscope","https://opendata.socrata.com/dataset/Collideoscope/nf3p-67e5","27"
"Chuck's TJ","https://opendata.socrata.com/dataset/Chuck-s-TJ/6vpb-sq7v","23"
"Top 7 things to look for in a Locksmith Service","https://opendata.socrata.com/dataset/Top-7-things-to-look-for-in-a-Locksmith-Service/e25u-2qn7","2"
"South Eastern States 1900 Graph Only","https://opendata.socrata.com/dataset/South-Eastern-States-1900-Graph-Only/tqaw-edbs","25"
"Table C-6 City Of Oakland Housing Element 20215-2023 Opportunity Sites Adopted","https://opendata.socrata.com/Government/Table-C-6-City-Of-Oakland-Housing-Element-20215-20/tdnw-fnnk","21"
"Opportunity Sites Final October2014.shp","https://opendata.socrata.com/Government/Opportunity-Sites-Final-October2014-shp/qnsw-726p","30"
"Pheonix Bus Stops","https://opendata.socrata.com/dataset/Pheonix-Bus-Stops/2fvw-ienu","2"
"Memebers Assyst","https://opendata.socrata.com/dataset/Memebers-Assyst/fibg-yhtr","5"
"costco","https://opendata.socrata.com/dataset/costco/7umb-ep7j","52"
"1790 State Population Pie","https://opendata.socrata.com/dataset/1790-State-Population-Pie/6tjt-vvae","5"
"Chuck's Costco","https://opendata.socrata.com/dataset/Chuck-s-Costco/u9xf-ui8f","20"
"test 1","https://opendata.socrata.com/dataset/test-1/28rc-ngh4","3"
"test 2","https://opendata.socrata.com/dataset/test-2/6gwv-x6v4","7"
"Pce Data Gnis Geo","https://opendata.socrata.com/dataset/Pce-Data-Gnis-Geo/2vir-4frk","5"
"chart","https://opendata.socrata.com/dataset/chart/224h-2p47","5"
"tax","https://opendata.socrata.com/Government/tax/kuu9-riun","28"
"Terrorist Incidents in Europe","https://opendata.socrata.com/dataset/Terrorist-Incidents-in-Europe/bte4-hr87","6"
"HeatMap Europe","https://opendata.socrata.com/dataset/HeatMap-Europe/87cv-x49a","6"
"Chuck's Starting Point","https://opendata.socrata.com/dataset/Chuck-s-Starting-Point/wer4-h455","32"
"Vape Shops In DC","https://opendata.socrata.com/Business/Vape-Shops-In-DC/mva4-r3qj","4"
"Gross Output, Timeline, Total v Private v Public","https://opendata.socrata.com/dataset/Gross-Output-Timeline-Total-v-Private-v-Public/g5jx-ct7b","15"
"Ariz. Nursing Home Quality Indicators","https://opendata.socrata.com/dataset/Ariz-Nursing-Home-Quality-Indicators/cywx-dqm6","102"
"Bike-Ped Crash Density - Rochester,  New York","https://opendata.socrata.com/Education/Bike-Ped-Crash-Density-Rochester-New-York/gyjv-r72t","21"
"Prive v Public","https://opendata.socrata.com/dataset/Prive-v-Public/uhuh-73np","7"
"Indicadores Cobertura Y Eficiencia","https://opendata.socrata.com/Education/Indicadores-Cobertura-Y-Eficiencia/sgw3-etzw","6"
"POS systems CO","https://opendata.socrata.com/Business/POS-systems-CO/99tm-4vqa","10"
"Sample Transformation W-govt Data","https://opendata.socrata.com/dataset/Sample-Transformation-W-govt-Data/nx5h-enni","6"
"Where to Find Alcohol Rehabilitation Florida and Drug Treatment Florida","https://opendata.socrata.com/Business/Where-to-Find-Alcohol-Rehabilitation-Florida-and-D/y47j-bwna","2"
"trader joe red","https://opendata.socrata.com/dataset/trader-joe-red/3knq-9df7","43"
"fred","https://opendata.socrata.com/dataset/fred/i7ff-mkiu","43"
"Consumer Complaints","https://opendata.socrata.com/Government/Consumer-Complaints/i38n-4y96","13"
"Buses Socrata-2","https://opendata.socrata.com/Education/Buses-Socrata-2/cvxh-z53k","6"
"Arkansas Minority Business Enterprises","https://opendata.socrata.com/Business/Arkansas-Minority-Business-Enterprises/8c3a-hym7","5"
"Buses Socrata","https://opendata.socrata.com/Education/Buses-Socrata/hi2y-gp4z","3"
"Payroll Report - End Date 4/08/2015","https://opendata.socrata.com/Government/Payroll-Report-End-Date-4-08-2015/7ei9-2uvq","161"
"Plenario Test-7","https://opendata.socrata.com/dataset/Plenario-Test-7/a5xt-y6f8","8"
"satrb","https://opendata.socrata.com/Business/satrb/4d44-9w4t","24"
"BBYO International Award Recipients - Chapter Awards","https://opendata.socrata.com/Education/BBYO-International-Award-Recipients-Chapter-Awards/id8n-ia48","108"
"Victims Struck by Motor Vehicle Drivers While Biking and Walking < Age 13","https://opendata.socrata.com/Education/Victims-Struck-by-Motor-Vehicle-Drivers-While-Biki/657i-86ed","15"
"Gross Output Schema Timeline All","https://opendata.socrata.com/dataset/Gross-Output-Schema-Timeline-All/mjez-a2kk","3"
"Preserving and Maintaining Our National Parks","https://opendata.socrata.com/dataset/Preserving-and-Maintaining-Our-National-Parks/vfr6-zjm2","3,391"
"Venture Capital Investments - Seattle","https://opendata.socrata.com/Business/Venture-Capital-Investments-Seattle/6754-cr6t","2,573"
"State Tax Burdens vs. Population Growth","https://opendata.socrata.com/Government/State-Tax-Burdens-vs-Population-Growth/w684-d4vk","2,868"
"Ning Directory Gold Communities","https://opendata.socrata.com/Business/Ning-Directory-Gold-Communities/n7zj-wg6i","2,832"
"Blogs and Weblogs","https://opendata.socrata.com/Education/Blogs-and-Weblogs/avn7-c8fd","3,411"
"Watertown, MA August 2011 building permits","https://opendata.socrata.com/dataset/Watertown-MA-August-2011-building-permits/np2v-n5ix","3,621"
"Salt Lake City: Air Filter & Cartridge Laboratory Analysis","https://opendata.socrata.com/Government/Salt-Lake-City-Air-Filter-Cartridge-Laboratory-Ana/unzu-rp8w","3,229"
"Percent Population Below National Poverty Line","https://opendata.socrata.com/Government/Percent-Population-Below-National-Poverty-Line/p6e3-8c8q","2,739"
"Oklahoma State Employees Top 100, June 2009","https://opendata.socrata.com/Government/Oklahoma-State-Employees-Top-100-June-2009/hrf3-988z","2,796"
"Preserving Jobs in Education","https://opendata.socrata.com/dataset/Preserving-Jobs-in-Education/ssr5-qq8e","3,184"
"Troops In Afghanistan By Country","https://opendata.socrata.com/dataset/Troops-In-Afghanistan-By-Country/xjiz-z25n","2,980"
"Boston: Precipitation RadNet Laboratory Analysis","https://opendata.socrata.com/Government/Boston-Precipitation-RadNet-Laboratory-Analysis/zuyg-zdqp","2,892"
"International Water Conference Proceedings - 1940-2009","https://opendata.socrata.com/Education/International-Water-Conference-Proceedings-1940-20/cf4m-tur8","2,995"
"Average Salary by Employee Position","https://opendata.socrata.com/Government/Average-Salary-by-Employee-Position/4bhg-tuuc","2,644"
"Strengthening America’s Transportation Network for the 21st Century","https://opendata.socrata.com/dataset/Strengthening-America-s-Transportation-Network-for/4q5i-y7hd","3,057"
"waivers-final-table","https://opendata.socrata.com/Government/waivers-final-table/x63r-3x8s","3,806"
"49ers 2009 Schedule","https://opendata.socrata.com/Fun/49ers-2009-Schedule/br2v-uxu6","2,219"
"2009 Grade National Chess Tournament, Dallas TX","https://opendata.socrata.com/dataset/2009-Grade-National-Chess-Tournament-Dallas-TX/p2gq-b4rb","2,854"
"Ward 2 Results","https://opendata.socrata.com/dataset/Ward-2-Results/akg7-mdcn","2,818"
"Ambassadors","https://opendata.socrata.com/dataset/Ambassadors/fri5-dmsn","3,144"
"Transportation Funding Map","https://opendata.socrata.com/dataset/Transportation-Funding-Map/n37v-z5pi","3,105"
"NUEVOS EESS - MINISTERIO DE SALUD 2012","https://opendata.socrata.com/Government/NUEVOS-EESS-MINISTERIO-DE-SALUD-2012/kqgx-8pdr","3,098"
"Dutch Harbor: Air Filter & Cartridge RadNet Laboratory Analysis","https://opendata.socrata.com/Government/Dutch-Harbor-Air-Filter-Cartridge-RadNet-Laborator/4bgj-nvxt","3,060"
"Recent Confirmations First","https://opendata.socrata.com/dataset/Recent-Confirmations-First/fnb6-v6gp","3,538"
"PERAB Public Comments","https://opendata.socrata.com/Government/PERAB-Public-Comments/iwj9-vtua","3,078"
"Troops In Afghanistan By Country","https://opendata.socrata.com/dataset/Troops-In-Afghanistan-By-Country/qspj-xerw","3,076"
"Dallas: Milk RadNet Laboratory Analysis","https://opendata.socrata.com/Government/Dallas-Milk-RadNet-Laboratory-Analysis/v2c2-dsm9","2,918"
"Updated Principles and Guidelines for Water and Land Related Resources Implementation Studies","https://opendata.socrata.com/dataset/Updated-Principles-and-Guidelines-for-Water-and-La/f8yj-kspe","3,751"
"Maine Population By Town","https://opendata.socrata.com/Government/Maine-Population-By-Town/ndfi-nmyu","3,314"
"Philadelphia: Drinking Water RadNet Laboratory Analysis","https://opendata.socrata.com/Government/Philadelphia-Drinking-Water-RadNet-Laboratory-Anal/cr3d-4yn3","3,135"
"State Farm Deer Collision Data","https://opendata.socrata.com/dataset/State-Farm-Deer-Collision-Data/rtpb-yucm","3,264"
"Garda All","https://opendata.socrata.com/dataset/Garda-All/dxx6-qun4","5,992"
"Jacques-Libre cours","https://opendata.socrata.com/dataset/Jacques-Libre-cours/sjgv-dvi3","3,081"
"Black Friday Deals 2009","https://opendata.socrata.com/Fun/Black-Friday-Deals-2009/uswq-fwhg","3,076"
"FAS expenses 2005","https://opendata.socrata.com/dataset/FAS-expenses-2005/xx5i-ia8y","3,184"
"Govenment Employee Discounts","https://opendata.socrata.com/Government/Govenment-Employee-Discounts/3592-x988","3,133"
"Pittsburgh: Drinking Water RadNet Laboratory Analysis","https://opendata.socrata.com/Government/Pittsburgh-Drinking-Water-RadNet-Laboratory-Analys/wi22-74nr","3,064"
"Pittsburgh: Milk RadNet Laboratory Analysis","https://opendata.socrata.com/Government/Pittsburgh-Milk-RadNet-Laboratory-Analysis/asc4-h2qm","3,050"
"Richland: Drinking Water RadNet Laboratory Analysis","https://opendata.socrata.com/Government/Richland-Drinking-Water-RadNet-Laboratory-Analysis/z4hz-7suz","3,342"
"United States Total Population Timeline","https://opendata.socrata.com/dataset/United-States-Total-Population-Timeline/zdus-tcjk","2,839"
"BLCD","https://opendata.socrata.com/Business/BLCD/ej9v-r8mi","20"
"Plenario Test-5","https://opendata.socrata.com/dataset/Plenario-Test-5/whkx-6g4y","6"
"Jumlah Penduduk Miskin","https://opendata.socrata.com/Government/Jumlah-Penduduk-Miskin/7p3c-ui7d","4"
"by Category","https://opendata.socrata.com/dataset/by-Category/tt72-2ksc","20"
"Fatalities and Serious Injuries","https://opendata.socrata.com/Education/Fatalities-and-Serious-Injuries/xvxw-skcw","3"
"Fatalities Only 2009-2013 - 5 yrs GFL Region","https://opendata.socrata.com/Education/Fatalities-Only-2009-2013-5-yrs-GFL-Region/bg5z-zy5d","4"
"Plenario Test-6","https://opendata.socrata.com/dataset/Plenario-Test-6/8688-k2du","3"
"RPD Incident Data","https://opendata.socrata.com/dataset/RPD-Incident-Data/wizx-7qa5","13"
"Buses Google Maps","https://opendata.socrata.com/Education/Buses-Google-Maps/rbm2-stvy","2"
"Buses Socrata","https://opendata.socrata.com/Education/Buses-Socrata/m65w-zzap","5"
"Washington","https://opendata.socrata.com/Government/Washington/i265-2m49","73"
"h","https://opendata.socrata.com/Government/h/f6de-u4e2","9"
"Mini-EPA Violators Database","https://opendata.socrata.com/Government/Mini-EPA-Violators-Database/r65z-8y77","2,719"
"Oregon Map","https://opendata.socrata.com/Government/Oregon-Map/r3xq-xz53","8"
"ACDS- Response- Value- Set- L4- Diabetes- A1c- Almost- Overdue- ACDS-2011- L4 EXP-2.0-090221fe8004164e","https://opendata.socrata.com/dataset/ACDS-Response-Value-Set-L4-Diabetes-A1c-Almost-Ove/4vjh-t86b","11"
"Five Year Crash Data Genesee-Finger Lakes Region, New York - 2009 through 2013","https://opendata.socrata.com/Education/Five-Year-Crash-Data-Genesee-Finger-Lakes-Region-N/nnz9-v9n3","18"
"Servpro of Southern Staten Island","https://opendata.socrata.com/Business/Servpro-of-Southern-Staten-Island/jqqn-vbgz","6"
"aaa","https://opendata.socrata.com/dataset/aaa/xnhv-kw8a","3"
"starbucks","https://opendata.socrata.com/Business/starbucks/ya7c-29mx","31"
"Portland Starbucks","https://opendata.socrata.com/Business/Portland-Starbucks/cqz7-mfcg","96"
"Starbucks","https://opendata.socrata.com/Business/Starbucks/uxce-2zjs","31"
"Starbucks In Chicago","https://opendata.socrata.com/Business/Starbucks-In-Chicago/eypf-9y8d","115"
"Starbucks_Toronto","https://opendata.socrata.com/Business/Starbucks_Toronto/a4mi-qdfy","45"
"Pennsylvania's Dry Municipalities","https://opendata.socrata.com/Government/Pennsylvania-s-Dry-Municipalities/vr4q-nrmd","1,238"
"Genesee-Finger Lakes Region - Pedestrian Crash Density","https://opendata.socrata.com/dataset/Genesee-Finger-Lakes-Region-Pedestrian-Crash-Densi/mgp3-4ynq","33"
"g","https://opendata.socrata.com/Government/g/t228-fcxp","9"
"NationalEPA","https://opendata.socrata.com/Government/NationalEPA/2uas-wr2w","7"
"Portland","https://opendata.socrata.com/Government/Portland/p4dw-cpm3","6"
"Washington only","https://opendata.socrata.com/Government/Washington-only/7km2-ecea","65"
"Eugene","https://opendata.socrata.com/Government/Eugene/uzix-ainw","7"
"SB_USA","https://opendata.socrata.com/Business/SB_USA/7naj-hqth","117"
"Starbucks World Wide Simplified","https://opendata.socrata.com/Business/Starbucks-World-Wide-Simplified/92ua-293q","251"
"starbucks","https://opendata.socrata.com/Business/starbucks/cxf4-mc6k","54"
"All Starbucks Locations in the World - Point Map","https://opendata.socrata.com/Business/All-Starbucks-Locations-in-the-World-Point-Map/7sg8-44ed","2,394"
"USA","https://opendata.socrata.com/Business/USA/4hz8-qssv","245"
"Starbucks","https://opendata.socrata.com/Business/Starbucks/2wm7-hk4t","44"
"New York Starbucks","https://opendata.socrata.com/Business/New-York-Starbucks/pn5i-8di2","16"
"Number of Starbucks Locations by Country","https://opendata.socrata.com/Business/Number-of-Starbucks-Locations-by-Country/5kwf-2yke","134"
"Number of Starbucks Locations by US State","https://opendata.socrata.com/Business/Number-of-Starbucks-Locations-by-US-State/6qr7-2v3n","134"
"My Starbucks","https://opendata.socrata.com/Business/My-Starbucks/f7v8-pc4f","193"
"Sample CRM System","https://opendata.socrata.com/Business/Sample-CRM-System/gzc4-b8fc","2,658"
"Test","https://opendata.socrata.com/Business/Test/w57w-6ehk","2,252"
"EPA Toxic Air Pollutant Cancer Risk by County","https://opendata.socrata.com/Government/EPA-Toxic-Air-Pollutant-Cancer-Risk-by-County/he9m-h7tf","2,673"
"Des Moines: Milk RadNet Laboratory Analysis","https://opendata.socrata.com/Government/Des-Moines-Milk-RadNet-Laboratory-Analysis/64w9-feff","2,503"
"Little Rock: Milk RadNed Laboratory Analysis","https://opendata.socrata.com/Government/Little-Rock-Milk-RadNed-Laboratory-Analysis/29mu-5cmy","2,217"
"jh","https://opendata.socrata.com/Business/jh/3gdi-pc3g","2,192"
"WH Staff by Salary","https://opendata.socrata.com/Government/WH-Staff-by-Salary/qr37-mccs","2,260"
"Proyectos de Inversion - I Trimestre 2011","https://opendata.socrata.com/Government/Proyectos-de-Inversion-I-Trimestre-2011/cag2-tmay","2,397"
"Atlanta: Precipitation RadNet Laboratory Analysis","https://opendata.socrata.com/Government/Atlanta-Precipitation-RadNet-Laboratory-Analysis/npzi-echz","2,512"
"Proyectos de Inversion - III Trimestre 2011","https://opendata.socrata.com/Government/Proyectos-de-Inversion-III-Trimestre-2011/nkw2-pk49","2,466"
"LOST OBS","https://opendata.socrata.com/dataset/LOST-OBS/k5i6-567h","2,770"
"Novi Teachers/Salaries 2009-2010","https://opendata.socrata.com/Education/Novi-Teachers-Salaries-2009-2010/htpp-f8rn","3,749"
"U.S. Top 25 Largest Cities","https://opendata.socrata.com/Government/U-S-Top-25-Largest-Cities/ixry-vii4","5,258"
"Charlotte: Drinking Water RadNet Laboratory Analysis","https://opendata.socrata.com/Government/Charlotte-Drinking-Water-RadNet-Laboratory-Analysi/syn8-gf59","2,807"
"US Supreme Court Justices","https://opendata.socrata.com/dataset/US-Supreme-Court-Justices/g7js-mdhk","1,612"
"USA eJuice Suppliers","https://opendata.socrata.com/Personal/USA-eJuice-Suppliers/8543-3666","2,669"
"Idaho Falls: Precipitation RadNet Laboratory Analysis","https://opendata.socrata.com/Government/Idaho-Falls-Precipitation-RadNet-Laboratory-Analys/tx9c-ctka","3,086"
"Radiation Data from EPA RadNet Radiation Alert Network 03/01/2011 - 04/22/2011","https://opendata.socrata.com/Government/Radiation-Data-from-EPA-RadNet-Radiation-Alert-Net/sdpb-7iqi","1,926"
"2011 Florida House Votes","https://opendata.socrata.com/Government/2011-Florida-House-Votes/s4a7-2xu9","2,757"
"EPA Air Monitoring: Response to BP Oil Spill","https://opendata.socrata.com/Government/EPA-Air-Monitoring-Response-to-BP-Oil-Spill/n63a-2n37","3,680"
"Socrata top webpages","https://opendata.socrata.com/dataset/Socrata-top-webpages/y4i6-7zk8","2,030"
"EPA Dispersant in Water: Constituent Analyses from Water Samples: Response to BP Oil Spill","https://opendata.socrata.com/Government/EPA-Dispersant-in-Water-Constituent-Analyses-from-/iy8m-cbcu","2,615"
"Full List","https://opendata.socrata.com/Education/Full-List/kn39-65zw","3,654"
"Deal Table Live","https://opendata.socrata.com/Business/Deal-Table-Live/8it9-ht43","7,416"
"Full List","https://opendata.socrata.com/Education/Full-List/7gdg-q2b2","3,920"
"Air Sampling","https://opendata.socrata.com/Government/Air-Sampling/hwcu-fexf","3,001"
"Albuquerque: Milk RadNet Laboratory Analysis","https://opendata.socrata.com/Government/Albuquerque-Milk-RadNet-Laboratory-Analysis/3p94-yktc","2,789"
"St. Paul: Drinking Water RadNet Laboratory Analysis","https://opendata.socrata.com/Government/St-Paul-Drinking-Water-RadNet-Laboratory-Analysis/6kzp-b3tn","2,637"
"Top 200 Small Businesses (US)","https://opendata.socrata.com/dataset/Top-200-Small-Businesses-US-/e62c-9njc","1,546"
"Market vs Subsidized Housing","https://opendata.socrata.com/dataset/Market-vs-Subsidized-Housing/qr9a-x7nc","2,584"
"Innovation Funding Map","https://opendata.socrata.com/dataset/Innovation-Funding-Map/iq6m-wgm5","2,666"
"Seattle Precipitation Daily Stats","https://opendata.socrata.com/dataset/Seattle-Precipitation-Daily-Stats/fndr-efrg","2,382"
"Netflix's Top 100 Movies","https://opendata.socrata.com/dataset/Netflix-s-Top-100-Movies/nyxs-ybyu","2,578"
"Tuition at Gallaudet and Howard consistently remained lower than the national average for private universities.","https://opendata.socrata.com/dataset/Tuition-at-Gallaudet-and-Howard-consistently-remai/4b5s-y5wh","2,610"
"GW remains one of the most expensive U.S. universities over the past 10 years.","https://opendata.socrata.com/dataset/GW-remains-one-of-the-most-expensive-U-S-universit/bpvp-vkpw","2,604"
"2011 El Tour de Tucson Results","https://opendata.socrata.com/Fun/2011-El-Tour-de-Tucson-Results/czvz-wm7e","2,729"
"Top 30 earning websites","https://opendata.socrata.com/Business/Top-30-earning-websites/rwft-hd5j","4,200"
"Proyectos de Inversión Pública en Ejecución","https://opendata.socrata.com/Government/Proyectos-de-Inversi-n-P-blica-en-Ejecuci-n/6hfw-nmck","2,575"
"Salt Lake City: Precipitation RadNet Laboratory Analysis","https://opendata.socrata.com/Government/Salt-Lake-City-Precipitation-RadNet-Laboratory-Ana/xwpd-umeu","2,532"
"Digital Download Stores & Mobile Carriers of Music","https://opendata.socrata.com/Business/Digital-Download-Stores-Mobile-Carriers-of-Music/wgce-newf","3,163"
"Crossfit","https://opendata.socrata.com/Personal/Crossfit/h5e9-3ekc","9"
"DATA PEGAWAI","https://opendata.socrata.com/Education/DATA-PEGAWAI/65k6-x9qi","6"
"world","https://opendata.socrata.com/Business/world/vdqf-59wc","204"
"1. Genesee-Finger Lakes Region","https://opendata.socrata.com/Education/1-Genesee-Finger-Lakes-Region/9ct8-pmi5","13"
"DATA","https://opendata.socrata.com/dataset/DATA/2i22-ycdi","9"
"Bike Crashes ~ Lyell Ave to Elmwood Ave, Rochester NY","https://opendata.socrata.com/Education/Bike-Crashes-Lyell-Ave-to-Elmwood-Ave-Rochester-NY/s5gw-ihb8","4"
"Starbucks","https://opendata.socrata.com/Business/Starbucks/2u9y-vc3m","214"
"data pegawai","https://opendata.socrata.com/Education/data-pegawai/92gd-c7wq","2"
"starbucks simplified","https://opendata.socrata.com/Business/starbucks-simplified/v8gy-ftju","208"
"All Starbucks Locations in the World - Heat Map","https://opendata.socrata.com/Business/All-Starbucks-Locations-in-the-World-Heat-Map/nt5z-pju4","1,728"
"US State Populations 1790-2011","https://opendata.socrata.com/dataset/US-State-Populations-1790-2011/5qrk-z5ju","27"
"FORMAT DATA KESETARAAN","https://opendata.socrata.com/Personal/FORMAT-DATA-KESETARAAN/s5a5-nqja","6"
"Large-scale carbon capture and storage projects","https://opendata.socrata.com/dataset/Large-scale-carbon-capture-and-storage-projects/sepq-jrnh","229"
"Payroll Report - End Date 1/28/2015","https://opendata.socrata.com/Government/Payroll-Report-End-Date-1-28-2015/3vkm-ivuc","541"
"Plenario Test-3","https://opendata.socrata.com/dataset/Plenario-Test-3/njqy-x5pt","5"
"Yakima List Of Videos","https://opendata.socrata.com/dataset/Yakima-List-Of-Videos/iexq-brmx","5"
"Servpro of Midtown Manhattan","https://opendata.socrata.com/Business/Servpro-of-Midtown-Manhattan/usfi-fve3","5"
"Mix Up","https://opendata.socrata.com/Business/Mix-Up/phqi-4rtm","6"
"satrb1","https://opendata.socrata.com/Business/satrb1/qad5-z447","6"
"StarBucks_Location","https://opendata.socrata.com/Business/StarBucks_Location/p8rc-kia2","66"
"FY13 PC Volunteer On Board Strength By Post And Sex","https://opendata.socrata.com/dataset/FY13-PC-Volunteer-On-Board-Strength-By-Post-And-Se/ketg-fesa","12"
"Lancaster County School Salaries","https://opendata.socrata.com/Education/Lancaster-County-School-Salaries/w68x-64vb","25"
"aisadore.8201@shoeboxed.com","https://opendata.socrata.com/Government/aisadore-8201-shoeboxed-com/ruc8-8bsa","5"
"sludge","https://opendata.socrata.com/dataset/sludge/x9qz-amh9","9"
"How to Use Employee Time Tracker Systems in the Hospitality Industry","https://opendata.socrata.com/Business/How-to-Use-Employee-Time-Tracker-Systems-in-the-Ho/4p3h-3iuf","16"
"sbucks_addresses","https://opendata.socrata.com/Business/sbucks_addresses/qw99-jsdk","49"
"licensed","https://opendata.socrata.com/Business/licensed/59hy-a5q5","17"
"U.S. Government Budget - Outlays and Receipts, 1962 - 2020","https://opendata.socrata.com/dataset/U-S-Government-Budget-Outlays-and-Receipts-1962-20/mzdc-2gnv","37"
"starbucks canada","https://opendata.socrata.com/Business/starbucks-canada/ei26-vj8j","172"
"Crash Types per 36,097 events 2009-2013","https://opendata.socrata.com/dataset/Crash-Types-per-36-097-events-2009-2013/5uh9-tbke","15"
"Actual Cost by FY by District Name","https://opendata.socrata.com/dataset/Actual-Cost-by-FY-by-District-Name/xg7r-z7yu","8"
"5c 1790 population 3","https://opendata.socrata.com/Personal/5c-1790-population-3/hgad-7jax","20"
"Computing and IT: Employed/Projections","https://opendata.socrata.com/Business/Computing-and-IT-Employed-Projections/hkbm-ucw3","21"
"Computing and IT Careers in Maine (Project>Login)","https://opendata.socrata.com/Business/Computing-and-IT-Careers-in-Maine-Project-Login-/r3yj-6789","17"
"HealthWatch | List of Health Facilities","https://opendata.socrata.com/Government/HealthWatch-List-of-Health-Facilities/cm34-egrm","27"
"silly view","https://opendata.socrata.com/Fun/silly-view/4xxa-zy2n","35"
"2013 School Data","https://opendata.socrata.com/Education/2013-School-Data/4hc5-2ysd","29"
"W3 Test","https://opendata.socrata.com/dataset/W3-Test/ikhn-nxmi","25"
"Side effects of getting a hair loss treatment from an average hair loss clinic","https://opendata.socrata.com/Business/Side-effects-of-getting-a-hair-loss-treatment-from/4tag-edbv","3"
"Pol 4326","https://opendata.socrata.com/Government/Pol-4326/tydk-qw46","3"
"King County Vote Total Comparison","https://opendata.socrata.com/dataset/King-County-Vote-Total-Comparison/mxmy-stv9","1,991"
"FAS data 2008","https://opendata.socrata.com/dataset/FAS-data-2008/6vaj-4y2p","2,113"
"Employees by Type","https://opendata.socrata.com/Government/Employees-by-Type/fjgd-wq9m","1,458"
"Top 30 earning websites","https://opendata.socrata.com/Business/Top-30-earning-websites/37ji-72nj","1,562"
"http://www.bibliotecasvirtuales.com/biblioteca/literaturainfantil/","https://opendata.socrata.com/Education/http-www-bibliotecasvirtuales-com-biblioteca-liter/6ars-w954","2,620"
"Kansas City: Precipitation RadNet Laboratory Analysis","https://opendata.socrata.com/Government/Kansas-City-Precipitation-RadNet-Laboratory-Analys/bumu-xgvr","2,269"
"disbursements","https://opendata.socrata.com/Government/disbursements/ccx9-web2","1,968"
"Fas data 2009","https://opendata.socrata.com/dataset/Fas-data-2009/8j5j-jqmq","2,286"
"Proyectos de Inversion - I Trimestre 2012","https://opendata.socrata.com/Government/Proyectos-de-Inversion-I-Trimestre-2012/ngx2-p292","2,525"
"Sandbox Blist2","https://opendata.socrata.com/dataset/Sandbox-Blist2/ibd3-pnq9","1,935"
"Cleveland: Milk RadNet Laboratory Analysis","https://opendata.socrata.com/Government/Cleveland-Milk-RadNet-Laboratory-Analysis/zfxw-f8ae","2,288"
"Montgomery: Precipitation RadNet Laboratory Analysis","https://opendata.socrata.com/Government/Montgomery-Precipitation-RadNet-Laboratory-Analysi/fu8q-izey","2,476"
"NHS Points Tally 2011-2012","https://opendata.socrata.com/dataset/NHS-Points-Tally-2011-2012/z9qq-v4cz","2,030"
"Albany: Drinking Water RadNet Laboratory Analysis","https://opendata.socrata.com/Government/Albany-Drinking-Water-RadNet-Laboratory-Analysis/nscr-in6d","2,192"
"High/Low","https://opendata.socrata.com/Government/High-Low/e42h-z4hj","2,131"
"Top 10 Solar Power Capacity Countries","https://opendata.socrata.com/Business/Top-10-Solar-Power-Capacity-Countries/sawy-zbui","2,187"
"100 Highest Paid CEOs","https://opendata.socrata.com/dataset/100-Highest-Paid-CEOs/7rjj-d4vn","843"
"Miami: Drinking Water RadNet Laboratory Analysis","https://opendata.socrata.com/Government/Miami-Drinking-Water-RadNet-Laboratory-Analysis/3shw-u779","2,365"
"Little Rock: Drinking Water RadNet Laboratory Analysis","https://opendata.socrata.com/Government/Little-Rock-Drinking-Water-RadNet-Laboratory-Analy/j2p7-6swi","2,223"
"Alcohol Consumption Per Country Map","https://opendata.socrata.com/Fun/Alcohol-Consumption-Per-Country-Map/qinh-5ydd","2,376"
"Public","https://opendata.socrata.com/Government/Public/kinh-s84i","2,218"
"bar chart","https://opendata.socrata.com/dataset/bar-chart/357f-muzn","2,270"
"EPA Water Sampling for Oil Compounds: Response to BP Oil Spill","https://opendata.socrata.com/Government/EPA-Water-Sampling-for-Oil-Compounds-Response-to-B/32dt-fkqk","2,171"
"wa","https://opendata.socrata.com/Business/wa/xp4k-ij2i","2,068"
"First Lady Salaries","https://opendata.socrata.com/Government/First-Lady-Salaries/y6n2-kpvy","2,149"
"add'l Amb","https://opendata.socrata.com/dataset/add-l-Amb/6abt-8qth","2,368"
"Charlotte: Precipitation RadNet Laboratory Analysis","https://opendata.socrata.com/Government/Charlotte-Precipitation-RadNet-Laboratory-Analysis/zi8p-pnz5","2,492"
"Guam: Air Filter & Cartridge RadNet Laboratory Analysis","https://opendata.socrata.com/Government/Guam-Air-Filter-Cartridge-RadNet-Laboratory-Analys/jk83-sdwv","2,255"
"Albany: Precipitation RadNet Laboratory Analysis","https://opendata.socrata.com/Government/Albany-Precipitation-RadNet-Laboratory-Analysis/czh2-7hat","2,190"
"Montgomery: Air Filter & Cartridge RadNet Laboratory Analysis","https://opendata.socrata.com/Government/Montgomery-Air-Filter-Cartridge-RadNet-Laboratory-/a4u8-uyqz","2,494"
"Increasing Access to Health care for People Across The Country","https://opendata.socrata.com/dataset/Increasing-Access-to-Health-care-for-People-Across/yt53-k3gu","2,311"
"Businessweek's Top 50 Undergraduate Business Schools","https://opendata.socrata.com/dataset/Businessweek-s-Top-50-Undergraduate-Business-Schoo/73xy-hqy3","2,109"
"Climate Change Adaptation Task Force","https://opendata.socrata.com/dataset/Climate-Change-Adaptation-Task-Force/qm4e-ukv4","2,709"
"Newspapers/Wires Covering Select Federal Agencies","https://opendata.socrata.com/Education/Newspapers-Wires-Covering-Select-Federal-Agencies/fvmi-6rxx","2,289"
"City Populations","https://opendata.socrata.com/Government/City-Populations/b6q7-qg3s","2,160"
"Madison: Drinking Water RadNet Laboratory Analysis","https://opendata.socrata.com/Government/Madison-Drinking-Water-RadNet-Laboratory-Analysis/ytm2-tbk9","2,372"
"Avg math and reading in 2012 with and without librarians","https://opendata.socrata.com/Education/Avg-math-and-reading-in-2012-with-and-without-libr/3zkh-39md","2,665"
"Proyectos de Inversion - II Trimestre 2011","https://opendata.socrata.com/Government/Proyectos-de-Inversion-II-Trimestre-2011/tpb9-c9ek","2,091"
"Modern Freeze Tag Ratings (System 3.0)","https://opendata.socrata.com/Fun/Modern-Freeze-Tag-Ratings-System-3-0-/bn7s-6ezu","571"
"Ning Directory Listings - 1/16/2010","https://opendata.socrata.com/dataset/Ning-Directory-Listings-1-16-2010/22y6-havf","2,270"
"JonDotMap","https://opendata.socrata.com/Education/JonDotMap/ybym-xjmr","4"
"Simple View","https://opendata.socrata.com/Government/Simple-View/jzn5-neuz","13"
"List Of Videos-2","https://opendata.socrata.com/dataset/List-Of-Videos-2/em3p-k2d7","34"
"Bicyclist-Pedestrian Crash Heat Map","https://opendata.socrata.com/Education/Bicyclist-Pedestrian-Crash-Heat-Map/5psw-f5wa","23"
"JonDotMap","https://opendata.socrata.com/Education/JonDotMap/czb2-rw64","7"
"1","https://opendata.socrata.com/Education/1/psih-krg2","39"
"User profile","https://opendata.socrata.com/Business/User-profile/khff-hnd4","27"
"JonDotMap","https://opendata.socrata.com/Education/JonDotMap/xkz3-7yzs","7"
"Color Grouping","https://opendata.socrata.com/dataset/Color-Grouping/5cgy-5sea","6"
"Dredging Statistics","https://opendata.socrata.com/dataset/Dredging-Statistics/tfn9-cenb","16"
"311  - Vacant And Abandoned Buildings","https://opendata.socrata.com/Government/311-Vacant-And-Abandoned-Buildings/sysa-kbz5","8"
"Payroll Report - End Date 10/08/2014","https://opendata.socrata.com/Government/Payroll-Report-End-Date-10-08-2014/sm47-du5d","218"
"G-FL Destination Input Map","https://opendata.socrata.com/Government/G-FL-Destination-Input-Map/aawp-8bsf","4"
"Casio Standard Watches: Inexpensive Wrist Wear","https://opendata.socrata.com/Fun/Casio-Standard-Watches-Inexpensive-Wrist-Wear/afaj-hdxe","3"
"Missing Coordinates","https://opendata.socrata.com/dataset/Missing-Coordinates/cpqw-9hfn","22"
"unclaimed_st_albert","https://opendata.socrata.com/Government/unclaimed_st_albert/v3s6-gvqd","6"
"test","https://opendata.socrata.com/Business/test/tmx7-ws78","103"
"Ariz. Nursing Homes With the Worst Nurse Staffing Levels","https://opendata.socrata.com/dataset/Ariz-Nursing-Homes-With-the-Worst-Nurse-Staffing-L/4ht3-zizt","108"
"Starbucks Locator","https://opendata.socrata.com/Business/Starbucks-Locator/2kbi-jvdv","13"
"Alcohol_Data","https://opendata.socrata.com/Government/Alcohol_Data/ipec-naev","33"
"Class Example","https://opendata.socrata.com/Education/Class-Example/ghmb-2m2r","1 view"
"water","https://opendata.socrata.com/Education/water/vmui-vs5f","2"
"Water Bill NSA","https://opendata.socrata.com/Education/Water-Bill-NSA/i36q-5idj","1 view"
"Carlisle NSAwater","https://opendata.socrata.com/dataset/Carlisle-NSAwater/6qrw-2d3r","3"
"nsa","https://opendata.socrata.com/dataset/nsa/abmc-tsm3","1 view"
"2011 U.S. State Population Pie Chart","https://opendata.socrata.com/dataset/2011-U-S-State-Population-Pie-Chart/2utk-2tz6","14"
"Earthquakes Socrata Test","https://opendata.socrata.com/Government/Earthquakes-Socrata-Test/4brf-uisu","15"
"Fun Photo Booth","https://opendata.socrata.com/Business/Fun-Photo-Booth/pmi8-yp5v","10"
"Brooklyn","https://opendata.socrata.com/Personal/Brooklyn/yi5d-66c4","8"
"Sovereign Fiscal Data","https://opendata.socrata.com/Government/Sovereign-Fiscal-Data/t2f3-tgbu","18"
"Carlisle NSAwater","https://opendata.socrata.com/Education/Carlisle-NSAwater/rau9-g9ce","2"
"Carlisle NSAwater","https://opendata.socrata.com/Education/Carlisle-NSAwater/ivnx-468m","2"
"Carlisle NSAwater","https://opendata.socrata.com/dataset/Carlisle-NSAwater/ui37-htz6","2"
"Carlisle NSAwater","https://opendata.socrata.com/Education/Carlisle-NSAwater/azex-uc65","2"
"Carlisle NSAwater","https://opendata.socrata.com/Education/Carlisle-NSAwater/vh64-z75u","2"
"NSA Water UT","https://opendata.socrata.com/Education/NSA-Water-UT/yu7x-stg2","1 view"
"Water bills","https://opendata.socrata.com/Education/Water-bills/2jse-mnhf","1 view"
"NSAWater","https://opendata.socrata.com/dataset/NSAWater/kfvf-f7w7","2"
"State 20 Populations 20- 20 Tall-2","https://opendata.socrata.com/dataset/State-20-Populations-20-20-Tall-2/qxei-xcna","77"
"Class view","https://opendata.socrata.com/Education/Class-view/kysa-s8p6","2"
"Unemployment (%) Graph of California vs. US","https://opendata.socrata.com/Business/Unemployment-Graph-of-California-vs-US/u6vn-4xm9","1,343"
"California Cities","https://opendata.socrata.com/Government/California-Cities/2cjv-7evk","1,832"
"Top 100 Children's Books from the National Education Association","https://opendata.socrata.com/dataset/Top-100-Children-s-Books-from-the-National-Educati/guf5-ryk3","764"
"Contests","https://opendata.socrata.com/Fun/Contests/fy3q-kv7g","1,815"
"Oklahoma City: Drinking Water RadNet Laboratory Analysis","https://opendata.socrata.com/Government/Oklahoma-City-Drinking-Water-RadNet-Laboratory-Ana/bxmp-9czh","2,161"
"International Water Conference® Technical Papers","https://opendata.socrata.com/dataset/International-Water-Conference-Technical-Papers/aywx-4ex3","5,863"
"Client's Application Form","https://opendata.socrata.com/Business/Client-s-Application-Form/w9fu-fmyr","1,799"
"Protecting Health and Improving the Environment","https://opendata.socrata.com/dataset/Protecting-Health-and-Improving-the-Environment/vwp3-umnm","1,862"
"High-tech layoffs","https://opendata.socrata.com/Business/High-tech-layoffs/txxi-nebw","1,424"
"Top 10 Nuclear Power Generation Countries","https://opendata.socrata.com/Business/Top-10-Nuclear-Power-Generation-Countries/up23-2hgm","1,823"
"2010 Bike Commuters All Places","https://opendata.socrata.com/dataset/2010-Bike-Commuters-All-Places/a8tc-4zwc","1,928"
"Obama-Biden-Transition-Project-Donor-List","https://opendata.socrata.com/Government/Obama-Biden-Transition-Project-Donor-List/ucdt-c8vs","1,112"
"2008 BOLD Survey of Puget Sound Levels for Dioxin","https://opendata.socrata.com/Government/2008-BOLD-Survey-of-Puget-Sound-Levels-for-Dioxin/iquq-j78x","2,833"
"Social Network Directory - Ning Networks","https://opendata.socrata.com/Business/Social-Network-Directory-Ning-Networks/fkcg-48s4","2,480"
"SCRA Salary Database","https://opendata.socrata.com/Government/SCRA-Salary-Database/7x7n-vkjs","2,290"
"Midland Teacher Salaries 2009-2010","https://opendata.socrata.com/Education/Midland-Teacher-Salaries-2009-2010/yb7g-2f5m","2,379"
"People who make less than $50,000","https://opendata.socrata.com/Government/People-who-make-less-than-50-000/kwb4-t983","1,801"
"Knoxville: Precipitation RadNet Laboratory Analysis","https://opendata.socrata.com/Government/Knoxville-Precipitation-RadNet-Laboratory-Analysis/tk5d-b7xm","2,097"
"Biggest 50 Donors","https://opendata.socrata.com/dataset/Biggest-50-Donors/9yw6-3ef7","1,770"
"First Lady","https://opendata.socrata.com/Government/First-Lady/42v5-hw9b","1,842"
"Asian and Chinese populations by county","https://opendata.socrata.com/dataset/Asian-and-Chinese-populations-by-county/szk9-nzrw","2,332"
"Providing Safe and Secure Neighborhoods for American Families","https://opendata.socrata.com/dataset/Providing-Safe-and-Secure-Neighborhoods-for-Americ/634f-uetw","2,040"
"Visualization for: Crude Oil Prices 1861 to 2008 Visualization","https://opendata.socrata.com/Business/Visualization-for-Crude-Oil-Prices-1861-to-2008-Vi/4hf3-fkt3","1,078"
"Bailout Recipients","https://opendata.socrata.com/Government/Bailout-Recipients/gbdy-vjgr","1,039"
"2010 Bingo Licenses Issued as of 2-1-10","https://opendata.socrata.com/Government/2010-Bingo-Licenses-Issued-as-of-2-1-10/xjy4-zhfx","1,928"
"Top 100 Wine Blogs","https://opendata.socrata.com/dataset/Top-100-Wine-Blogs/759h-4xf7","1,861"
"RadNet Cs in Water vs Milk","https://opendata.socrata.com/Government/RadNet-Cs-in-Water-vs-Milk/w69z-6a6y","150"
"Unconfirmed nominees","https://opendata.socrata.com/dataset/Unconfirmed-nominees/95r5-3mbx","2,328"
"NV Las Vegas Milk","https://opendata.socrata.com/Government/NV-Las-Vegas-Milk/t7n2-yue9","2,379"
"2007 EPA Toxics Release Inventory","https://opendata.socrata.com/Government/2007-EPA-Toxics-Release-Inventory/nu94-6cmw","1,215"
"RADNET Readings by State and Sample Type","https://opendata.socrata.com/Government/RADNET-Readings-by-State-and-Sample-Type/5scx-psja","424"
"Orlando: Air Filter & Cartridge RadNet Laboratory Analysis","https://opendata.socrata.com/Government/Orlando-Air-Filter-Cartridge-RadNet-Laboratory-Ana/ts3y-gkn3","2,224"
"amount","https://opendata.socrata.com/Business/amount/4h2f-djni","1,923"
"Top 100 Districts Spending Per Child","https://opendata.socrata.com/Government/Top-100-Districts-Spending-Per-Child/ta5q-4iur","1,420"
"Airplane Crashes and Fatalities Since 1908","https://opendata.socrata.com/Government/Airplane-Crashes-and-Fatalities-Since-1908/q2te-8cvq","3,250"
"International Water Conference Proceedings - 1940-2008","https://opendata.socrata.com/Education/International-Water-Conference-Proceedings-1940-20/mevt-jr79","2,030"
"Saginaw Public Schools Teacher Salaries","https://opendata.socrata.com/Education/Saginaw-Public-Schools-Teacher-Salaries/672j-gzuh","2,525"
"Comptes des partis politiques français 2004-2009","https://opendata.socrata.com/dataset/Comptes-des-partis-politiques-fran-ais-2004-2009/xyjh-kmwy","2,079"
"FAS expenses 2006","https://opendata.socrata.com/dataset/FAS-expenses-2006/rueh-bz9b","2,034"
"Austin: Drinking Water RadNet Laboratory Analysis","https://opendata.socrata.com/Government/Austin-Drinking-Water-RadNet-Laboratory-Analysis/ty2z-9fcs","2,276"
